word1,word2,mean,sub1,sub2,sub3,sub4,sub5,label,dis,pos,freq1,freq2,num
あっけなく,苦労なく,4.8,3,6,5,3,7,3,2.6,形容詞,676,100862,5
あっけなく,ひとたまりもなく,5,5,7,7,0,6,3,6.8,形容詞,676,719,6
あやしい,疑わしい,7.8,6,8,7,10,8,3,1.8,形容詞,818,1253,10
あやしい,怪しい,9.6,10,10,10,10,8,3,0.6,形容詞,818,2411,11
あやしく,疑わしく,8,8,9,8,7,8,3,0.4,形容詞,19,138,12
あやしく,怪しく,10,10,10,10,10,10,3,0,形容詞,19,191,13
あやしそう,怪しそう,10,10,10,10,10,10,3,0,形容詞,81,156,14
いい加減に,荒々しく,5.8,5,8,8,2,6,3,5,形容詞,54354,264,21
いい匂いのする,芳ばしい,7,8,7,6,6,8,3,0.8,形容詞,54354,4,22
いかつくする,険しくする,7.2,7,6,10,7,6,3,2.2,形容詞,16,255,23
いかつくする,怖くする,7.8,8,8,9,7,7,3,0.6,形容詞,16,1144,24
いかつくする,恐ろしくする,7.8,8,8,9,7,7,3,0.6,形容詞,16,390,25
いかつくする,厳つくする,10,10,10,10,10,10,3,0,形容詞,16,15,26
いぶかしく,怪しく,8,7,9,9,7,8,3,0.8,形容詞,16,191,33
いぶかしく,疑わしく,8.2,8,9,9,7,8,3,0.6,形容詞,16,138,34
いぶかしげ,怪しそう,7.8,8,9,8,6,8,3,1,形容詞,71,156,35
いぶかしげ,あやしそう,8.4,8,9,9,8,8,3,0.2,形容詞,71,81,36
うっとうしい,邪魔くさい,8.4,8,9,9,8,8,3,0.2,形容詞,68,5,43
うっとうしい,面倒くさい,8.4,8,9,8,10,7,3,1,形容詞,68,203,44
うっとうしい,わずらわしい,8.8,8,9,9,10,8,3,0.6,形容詞,68,35,45
うっとうしく,じゃまくさく,9.2,8,10,10,10,8,3,1,形容詞,25,0,46
うっとうしくて,うるさくて,7,8,5,9,5,8,3,2.8,形容詞,25,430,47
うとましい,うっとうしい,8,8,10,10,3,9,3,6.8,形容詞,4,68,48
うとましい,煩わしい,7.6,7,8,7,8,8,3,0.2,形容詞,4,128,49
うとましい,わずらわしい,8.2,8,9,8,8,8,3,0.2,形容詞,4,35,50
うるさく,激しく,3.6,1,6,3,2,6,3,4.2,形容詞,430,13794,52
うるさく,凄く,2.4,3,1,0,2,6,3,4.2,形容詞,430,444,53
うるさく,騒がしく,7.8,6,8,8,9,8,3,1,形容詞,430,140,54
うれしい,いい,5.8,8,7,4,4,6,3,2.6,形容詞,1111,54354,55
うれしい,良い,6.2,6,6,8,5,6,3,1,形容詞,1111,39498,56
うれしい,素晴らしい,6,7,6,5,5,7,3,0.8,形容詞,1111,4680,57
うれしい,嬉しい,9.8,10,10,9,10,10,3,0.2,形容詞,1111,1204,58
おいしく,芳ばしく,4.4,3,6,3,4,6,3,1.8,形容詞,558,1,59
おかしい,尋常ではない,6.8,3,8,6,9,8,3,4.6,形容詞,2055,286367,60
おかしい,おもしろおかしい,7.4,8,6,8,6,9,3,1.4,形容詞,2055,3543,61
おかしくなって,弱くなって,2.4,4,2,0,3,3,3,1.8,形容詞,1750,6340,62
おとなしい,慎ましやかな,6,6,7,6,4,7,3,1.2,形容詞,1186,-1,63
おどろおどろしい,ものすごい,4.6,1,5,3,5,9,3,7,形容詞,116,468,64
おどろおどろしい,恐ろしい,6.8,5,7,5,8,9,3,2.6,形容詞,116,2888,65
おめでたく,喜ばしく,9.2,9,10,10,9,8,3,0.6,形容詞,5,60,66
おめでたく,めでたく,9.4,10,9,9,10,9,3,0.2,形容詞,5,271,67
おもしろおかしい,面白い,7.8,9,8,6,7,9,3,1.4,形容詞,3543,4891,68
おもしろおかしく,面白く,7.8,9,7,7,7,9,3,1,形容詞,3543,1649,69
おもしろく,おもしろおかしく,6.6,3,7,6,8,9,3,4.2,形容詞,252,3543,70
おもしろく,面白おかしく,8,9,8,6,8,9,3,1.2,形容詞,252,1750,71
おもしろく,楽しく,6.6,4,6,5,10,8,3,4.6,形容詞,252,3081,72
おもしろく,面白く,10,10,10,10,10,10,3,0,形容詞,252,1649,73
かぐわしい,香ばしい,8.2,8,5,10,10,8,3,3.4,形容詞,20,104,80
かぐわしい,芳しい,9.6,10,8,10,10,10,3,0.6,形容詞,20,326,81
かぐわしく,芳しく,9.6,10,8,10,10,10,3,0.6,形容詞,3,1819,82
かぐわしく,香り良く,8.8,8,9,9,10,8,3,0.6,形容詞,3,23972,83
かぐわしく,香り高く,9,9,9,9,10,8,3,0.4,形容詞,3,49802,84
かっこわるかった,意気地なしだった,6.6,8,9,6,4,6,3,3,形容詞,4,56900,86
かなしい,悲しい,10,10,10,10,10,10,3,0,形容詞,145,2704,87
か細い,乏しい,6,6,8,7,2,7,3,4.4,形容詞,46,3995,88
か細い,弱々しい,8.2,7,8,9,9,8,3,0.6,形容詞,46,129,89
か細い,か弱い,8,8,8,7,10,7,3,1.2,形容詞,46,111,90
か細い,力ない,6.8,7,8,7,4,8,3,2.2,形容詞,46,286367,91
か細い,弱弱しい,8,7,8,7,10,8,3,1.2,形容詞,46,13,92
か弱い,細い,4.6,2,5,5,4,7,3,2.6,形容詞,111,5217,93
か弱い,弱い,8.4,9,6,9,10,8,3,1.8,形容詞,111,14370,94
きつい,苦しい,7.2,9,8,5,6,8,3,2.2,形容詞,1120,2301,95
きつい,厳しい,7.8,9,8,5,9,8,3,2.2,形容詞,1120,16160,96
きつかった,つらかった,9,9,9,10,9,8,3,0.4,形容詞,80,78,97
きつかった,厳しかった,8,9,8,8,7,8,3,0.4,形容詞,80,538,98
きつかった,辛かった,9,9,9,9,10,8,3,0.4,形容詞,80,222,99
きつきつな,狭い,6.8,4,8,6,8,8,3,2.6,形容詞,104,10045,100
きめ細かく,細かく,5.8,3,7,3,8,8,3,5.4,形容詞,125,3932,101
くやしい,不甲斐ない,6.4,6,6,10,4,6,3,3.8,形容詞,75,166,104
くやしい,情けない,7,6,9,8,6,6,3,1.6,形容詞,75,581,105
けたたましい,凄い,4.8,6,6,2,3,7,3,3.8,形容詞,65,1331,106
けたたましい,すさまじい,7,7,8,10,3,7,3,5.2,形容詞,65,506,107
けたたましい,やかましい,8,6,8,8,10,8,3,1.6,形容詞,65,156,108
けたたましい,ものすごい,6.2,5,7,6,6,7,3,0.6,形容詞,65,468,109
けたたましい,物凄い,6.4,6,7,6,6,7,3,0.2,形容詞,65,300,110
けたたましい,うるさい,8.8,8,9,9,10,8,3,0.6,形容詞,65,1071,111
けたたましい,騒がしい,8.8,8,9,9,10,8,3,0.6,形容詞,65,303,112
けたたましい,すごい,5.2,5,5,5,4,7,3,1,形容詞,65,3881,113
けたたましい,騒々しい,8.8,9,9,9,9,8,3,0.2,形容詞,65,195,114
けたたましい,甲高い,6.8,8,8,8,2,8,3,5.8,形容詞,65,426,115
けたたましく,激しく,7.2,8,6,10,5,7,3,3,形容詞,21,13794,116
けたたましく,やかましく,8.4,7,8,10,9,8,3,1,形容詞,21,49,117
けたたましく,大きく,6,8,6,9,2,5,3,6,形容詞,21,84091,118
けたたましく,慌ただしく,6.2,8,8,10,2,3,3,9.8,形容詞,21,71,119
けたたましく,騒がしく,8.6,7,9,9,10,8,3,1,形容詞,21,140,120
けたたましく,うるさく,8.4,8,9,9,8,8,3,0.2,形容詞,21,430,121
さびしい,寂しい,10,10,10,10,10,10,3,0,形容詞,171,1040,135
しける,激しくなる,4.6,3,4,3,6,7,3,2.6,形容詞,59,13794,137
しょぼい,あっけない,6.8,7,5,10,5,7,3,3.4,形容詞,39,81,142
しんどい,難しい,5.4,5,6,2,8,6,3,3.8,形容詞,233,15932,143
しんどい,つらい,7.6,7,9,5,9,8,3,2.2,形容詞,233,3503,144
しんどい,苦しい,7.2,6,8,5,9,8,3,2.2,形容詞,233,2301,145
しんどい,辛い,8,7,9,6,10,8,3,2,形容詞,233,2740,146
しんどい,厳しい,5.8,4,6,3,8,8,3,4.2,形容詞,233,16160,147
しんどい,きつい,8.2,9,7,7,10,8,3,1.4,形容詞,233,1120,148
しんどかった,きつかった,9,8,9,10,10,8,3,0.8,形容詞,25,80,149
しんどかった,厳しかった,7.6,7,8,7,8,8,3,0.2,形容詞,25,538,150
しんどかった,辛かった,8.8,9,9,8,10,8,3,0.6,形容詞,25,222,151
すがすがしい,輝かしい,4,5,1,5,3,6,3,3.2,形容詞,47,1008,152
すがすがしい,素晴らしい,5.4,4,7,7,3,6,3,2.6,形容詞,47,4680,153
すがすがしい,すばらしい,6.4,7,7,9,3,6,3,3.8,形容詞,47,1681,154
すごい,すばらしい,6.4,7,7,5,6,7,3,0.6,形容詞,3881,1681,155
すごかった,物凄かった,8.2,7,7,10,8,9,3,1.4,形容詞,71,1,156
すごかった,激しかった,7.4,7,7,8,7,8,3,0.2,形容詞,71,782,157
すごかった,早かった,5,5,6,6,3,5,3,1.2,形容詞,71,1023,158
すごく,大きく,4.8,3,6,5,4,6,3,1.4,形容詞,1581,84091,159
すごく良い,輝かしい,6.4,8,6,5,6,7,3,1,形容詞,1581,1008,160
すごく良い,すばらしい,8.2,9,8,8,8,8,3,0.2,形容詞,1581,1681,161
すさまじい,すごい,6.8,3,7,8,8,8,3,3.8,形容詞,506,3881,162
すさまじい,すばらしい,3.8,0,5,3,4,7,3,5.4,形容詞,506,1681,163
すさまじい,甲高い,2.6,0,4,2,2,5,3,3,形容詞,506,426,164
すさまじい,凄い,6.6,9,7,5,4,8,3,3.4,形容詞,506,1331,165
すさまじい,凄まじい,10,10,10,10,10,10,3,0,形容詞,506,2118,166
すさまじかった,すごかった,8.8,8,9,10,9,8,3,0.6,形容詞,10,71,167
すさまじかった,激しかった,8,9,8,9,7,7,3,0.8,形容詞,10,782,168
すさまじかった,物凄かった,8.8,8,9,9,10,8,3,0.6,形容詞,10,1,169
すさまじかった,凄まじかった,10,10,10,10,10,10,3,0,形容詞,10,37,170
すさまじく大きい,すさまじい,6.4,5,6,5,9,7,3,2.2,形容詞,179,506,171
すばやく,素早く,10,10,10,10,10,10,3,0,形容詞,734,3818,174
すばらしい,よい,7.4,8,6,8,7,8,3,0.6,形容詞,1681,26892,175
すばらしい,良い,7.2,8,6,7,7,8,3,0.6,形容詞,1681,39498,176
ダッシュする,速く走る,8,6,10,8,8,8,3,1.6,形容詞,122,5565,180
たまらない,心地よい,5.4,5,8,3,5,6,3,2.6,形容詞,415,315,184
たまらない,ちょうど良い,3.6,2,6,2,2,6,3,3.8,形容詞,415,39498,185
たやすく,ひとたまりもなく,6.4,9,7,6,4,6,3,2.6,形容詞,420,719,189
つつましやか,小さな,5,5,7,5,2,6,3,2.8,形容詞,20,-1,201
つらい,きつい,8.2,10,7,6,10,8,3,2.6,形容詞,3503,1120,205
つらい,厳しい,7.4,9,6,5,10,7,3,3.4,形容詞,3503,16160,206
つらい,難しい,5.8,3,6,7,6,7,3,2.2,形容詞,3503,15932,207
つらかった,辛かった,9.6,8,10,10,10,10,3,0.6,形容詞,78,222,208
つらかった,厳しかった,8.2,9,8,7,10,7,3,1.4,形容詞,78,538,209
つらかった,しんどかった,9.2,9,10,10,9,8,3,0.6,形容詞,78,25,210
つらく,寂しく,4,4,5,4,2,5,3,1.2,形容詞,204,501,211
つらく,切なく,4.8,4,5,5,4,6,3,0.6,形容詞,204,189,212
つらく,辛く,10,10,10,10,10,10,3,0,形容詞,204,873,213
とげとげしいかった,厳しかった,5.6,7,6,6,3,6,3,1.8,形容詞,9,538,216
とてつもない,すさまじい,6,3,7,5,8,7,3,3.2,形容詞,446,506,218
とてつもない,恐ろしい,5,2,5,5,7,6,3,2.8,形容詞,446,2888,219
とてつもない,ひどい,4.8,2,5,4,7,6,3,3,形容詞,446,2753,220
とても暑く,厳しい暑さ,8.2,10,8,6,9,8,3,1.8,形容詞,865,16160,221
ない,無い,10,10,10,10,10,10,3,0,形容詞,286367,56147,225
はかなく,壊れやすく,7.8,8,8,7,9,7,3,0.6,形容詞,70,4793,247
はかなく,もろく,8.6,8,9,9,10,7,3,1,形容詞,70,390,248
はかなく,弱く,7.4,8,8,8,6,7,3,0.6,形容詞,70,6340,249
バツが悪く,気まずく,7,9,6,4,8,8,3,3.2,形容詞,13999,84,254
バツが悪く,居づらく,8,9,7,7,10,7,3,1.6,形容詞,13999,5658,255
ひどい,恐ろしい,6.4,6,7,7,6,6,3,0.2,形容詞,2753,2888,273
ひとたまりもなく,苦労なく,5.6,8,5,7,2,6,3,4.2,形容詞,719,100862,274
ふさわしい,正しい,5.4,7,5,5,4,6,3,1,形容詞,3336,12655,280
ふさわしい,好ましい,6.6,6,6,7,7,7,3,0.2,形容詞,3336,1185,281
ふさわしい,良い,7.2,7,7,7,8,7,3,0.2,形容詞,3336,39498,282
ふさわしい,いい,7.2,7,7,7,8,7,3,0.2,形容詞,3336,54354,283
ほしかった,望ましい,5.2,3,7,6,3,7,3,3.4,形容詞,258,4195,287
みっともなかた,恥ずかしかった,8,7,9,8,9,7,3,0.8,形容詞,3,116,296
みっともなかた,嘆かわしかった,6,7,7,7,3,6,3,2.4,形容詞,3,0,297
むなしい,かなしい,6.4,5,8,8,5,6,3,1.8,形容詞,54,145,303
むなしい,寂しい,6.8,6,7,8,7,6,3,0.6,形容詞,54,1040,304
むなしい,さびしい,5.6,4,6,5,7,6,3,1,形容詞,54,171,305
むなしい,悲しい,6.2,6,7,6,6,6,3,0.2,形容詞,54,2704,306
むなしい,虚しい,10,10,10,10,10,10,3,0,形容詞,54,71,307
むなしく,儚く,5.8,3,6,7,7,6,3,2.2,形容詞,383,149,308
むなしく,寂しく,5.8,4,7,5,7,6,3,1.4,形容詞,383,501,309
むなしく,悲しく,5.6,4,6,5,7,6,3,1,形容詞,383,399,310
めんどくさい,込み入って煩わしい,8,6,9,8,9,8,3,1.2,形容詞,147,109,311
めんどくさい,ややこしい,7,6,8,5,9,7,3,2,形容詞,147,249,312
ものすごい,素晴らしい,5.2,1,6,5,7,7,3,5,形容詞,468,4680,313
ものすごい,とてつもない,6.8,3,7,8,8,8,3,3.8,形容詞,468,446,314
ものすごい,凄い,7.4,4,8,7,9,9,3,3.4,形容詞,468,1331,315
ものすごい,すごい,7.4,4,8,7,9,9,3,3.4,形容詞,468,3881,316
ものすごい,すばらしい,6.4,7,5,7,6,7,3,0.6,形容詞,468,1681,317
もの凄い,すごい,7.6,5,8,8,8,9,3,1.8,形容詞,88,3881,318
もの凄い,凄い,7.8,9,6,7,8,9,3,1.4,形容詞,88,1331,319
もの凄い,激しい,7.4,7,7,9,7,7,3,0.6,形容詞,88,20669,320
もの凄い,すさまじい,8.8,9,8,10,9,8,3,0.6,形容詞,88,506,321
もの凄い,ひどい,6.2,6,6,7,6,6,3,0.2,形容詞,88,2753,322
もの凄い,ものすごい,10,10,10,10,10,10,3,0,形容詞,88,468,323
もろい,崩れやすい,6.8,3,7,7,9,8,3,4.2,形容詞,670,3854,327
もろい,割れやすい,5.2,3,7,4,4,8,3,3.8,形容詞,670,2841,328
もろい,壊れやすい,7,5,8,5,9,8,3,2.8,形容詞,670,4793,329
もろい,弱い,7,9,7,6,6,7,3,1.2,形容詞,670,14370,330
もろく,壊れやすく,6.6,3,7,6,9,8,3,4.2,形容詞,390,4793,331
もろく,儚く,6,5,8,7,3,7,3,3.2,形容詞,390,149,332
もろく,崩れやすく,7.6,9,8,6,7,8,3,1,形容詞,390,3854,333
もろく,弱く,6.2,5,7,5,7,7,3,1,形容詞,390,6340,334
もろく,あっけなく,5.8,5,6,7,4,7,3,1.4,形容詞,390,676,335
やかましい,騒々しい,7.8,6,7,8,10,8,3,1.8,形容詞,156,195,336
やかましく,慌ただしく,6.6,8,6,10,3,6,3,5.4,形容詞,49,71,337
やかましく,甲高く,6.8,8,6,10,3,7,3,5.4,形容詞,49,78,338
やかましく,うるさく,8.6,8,8,10,9,8,3,0.6,形容詞,49,430,339
やかましく,激しく,6.2,7,7,6,4,7,3,1.4,形容詞,49,13794,340
やかましく,騒がしく,8.6,8,8,9,10,8,3,0.6,形容詞,49,140,341
やかましく,騒々しく,9,9,9,9,10,8,3,0.4,形容詞,49,67,342
ややこしい,煩わしい,6.6,5,9,5,8,6,3,2.6,形容詞,249,128,346
ややこしい,紛らわしい,5.4,4,8,5,2,8,3,5.4,形容詞,249,928,347
ややこしい,難しい,6.6,9,6,5,8,5,3,2.6,形容詞,249,15932,348
ややこしい,複雑である,7.6,5,8,7,10,8,3,2.6,形容詞,249,-1,349
ややこしい,わかりにくい,7.2,5,8,7,9,7,3,1.8,形容詞,249,5478,350
ややこしい,細かい,5,4,7,5,3,6,3,2,形容詞,249,6035,351
ややこしい,面倒くさい,5.8,5,7,5,7,5,3,1,形容詞,249,203,352
やるせない,切ない,7.6,8,8,10,4,8,3,3.8,形容詞,63,661,353
やるせない,辛い,6,6,8,6,3,7,3,2.8,形容詞,63,2740,354
やるせない,つらい,7.6,8,9,7,7,7,3,0.6,形容詞,63,3503,355
やるせない,心苦しい,7,7,8,7,7,6,3,0.4,形容詞,63,27,356
やるせない,悲しい,6.2,6,6,7,5,7,3,0.6,形容詞,63,2704,357
やるせない,苦しい,5.4,7,6,7,4,3,3,2.6,形容詞,63,2301,358
ゆるくして,緩くして,10,10,10,10,10,10,3,0,形容詞,278,631,359
よい,ふさわしい,6.6,9,8,5,6,5,3,2.6,形容詞,26892,3336,360
よい,正しい,7.2,8,6,8,7,7,3,0.6,形容詞,26892,12655,361
よい,願わしい,6.8,8,8,6,6,6,3,1,形容詞,26892,0,362
よそよそしく,居心地悪く,6,8,8,7,2,5,3,5.2,形容詞,35,13999,365
わずらわしい,邪魔くさい,7,8,10,10,4,3,3,8.8,形容詞,35,5,373
わずらわしい,煩わしい,10,10,10,10,10,10,3,0,形容詞,35,128,374
わずらわしかった,うっとうしかった,7,8,9,8,5,5,3,2.8,形容詞,2,0,375
わずらわしかった,煩わしかった,10,10,10,10,10,10,3,0,形容詞,2,4,376
わずらわしく,めんどくさく,7.8,8,9,9,6,7,3,1.4,形容詞,15,17,377
意気地なし,根性無し,8,9,7,9,7,8,3,0.8,形容詞,56900,-1,391
鋭かった,厳しかった,3,4,0,3,5,3,3,2.8,形容詞,22,538,445
鋭かった,とげとげしいかった,6.2,8,6,9,3,5,3,4.6,形容詞,22,9,446
煙たく,居心地悪く,5.6,6,9,4,4,5,3,3.4,形容詞,19,13999,449
煙たく,気分悪く,5.2,7,7,4,3,5,3,2.6,形容詞,19,13999,450
汚れの無い,清い,7,8,7,6,7,7,3,0.4,形容詞,56147,145,451
汚れの無い,美しい,7,7,8,9,7,4,3,2.8,形容詞,56147,18231,452
可笑しい,面白い,7,5,9,7,8,6,3,2,形容詞,35,4891,457
苛立たしげ,いまいましげ,7,9,6,8,6,6,3,1.6,形容詞,177,0,462
華々しい,すごく良い,3.4,2,6,3,4,2,3,2.2,形容詞,613,1581,463
華々しい,素晴らしい,5,3,7,5,5,5,3,1.6,形容詞,613,4680,464
華々しい,良い,3.4,4,6,2,4,1,3,3,形容詞,613,39498,465
華々しい,すばらしい,4.8,4,6,4,5,5,3,0.6,形容詞,613,1681,466
華々しい,輝かしい,6.4,6,7,7,5,7,3,0.6,形容詞,613,1008,467
回した,甘くした,0.2,0,0,0,1,0,3,0.2,形容詞,3635,1931,468
回りくどい,ややこしい,7.4,7,9,9,6,6,3,1.8,形容詞,90,249,469
回りくどい,難しい,6.6,8,7,7,5,6,3,1,形容詞,90,15932,470
回りくどい,紛らわしい,7,8,9,9,5,4,3,4.4,形容詞,90,928,471
快い,気持ちよい,8.2,9,9,9,8,6,3,1.4,形容詞,99,12,480
快い,心地よい,8.2,9,9,9,8,6,3,1.4,形容詞,99,315,481
快い,心地いい,8.2,9,9,9,8,6,3,1.4,形容詞,99,54354,482
快い,気持ち良い,8.2,9,9,9,8,6,3,1.4,形容詞,99,65,483
快い,気持ちいい,8.2,9,9,9,8,6,3,1.4,形容詞,99,353,484
快い,心地良い,8.2,9,9,9,8,6,3,1.4,形容詞,99,39498,485
快かった,気分よかった,6.2,9,5,4,7,6,3,3,形容詞,1,3542,486
快かった,気持ちよかった,8.2,9,9,9,8,6,3,1.4,形容詞,1,41,487
快く,良く,6.4,9,8,5,5,5,3,3,形容詞,2861,23972,488
快く,いい,6.4,8,9,5,5,5,3,3,形容詞,2861,54354,489
快く,気前よく,5.6,5,8,7,5,3,3,3,形容詞,2861,12752,490
快く,気分よく,7,9,8,8,6,4,3,3.2,形容詞,2861,12752,491
快く,気持よく,7,8,7,8,7,5,3,1.2,形容詞,2861,12752,492
拡大された,広くなった,6.6,8,7,6,6,6,3,0.6,形容詞,5608,38934,499
拡張された,広くなった,6.4,8,8,4,6,6,3,2.2,形容詞,3259,38934,500
楽しく,おもしろおかしく,7,9,8,8,5,5,3,2.8,形容詞,3081,3543,505
楽しそう,おもしろおかしく,5.8,7,7,6,4,5,3,1.4,形容詞,2044,3543,506
緩くした,甘くした,6.2,8,6,4,7,6,3,1.8,形容詞,631,1931,516
緩ませた,緩くした,6.2,7,3,6,8,7,3,3,形容詞,39,631,517
緩めた,緩くした,7.8,9,9,6,8,7,3,1.4,形容詞,386,631,521
緩めた,ゆるくした,7.6,9,8,6,8,7,3,1,形容詞,386,278,522
緩めた,甘くした,6.4,8,6,5,7,6,3,1,形容詞,386,1931,523
緩める,緩くする,8,7,10,9,8,6,3,2,形容詞,270,631,525
関係が悪く,気まずく,6.6,8,6,7,7,5,3,1,形容詞,13999,84,530
喜ばしい,好ましい,5.2,3,7,4,7,5,3,2.6,形容詞,170,1185,535
喜ばしい,うれしい,6.6,6,9,7,5,6,3,1.8,形容詞,170,1111,536
喜ばしい,良い,5.6,4,7,6,6,5,3,1,形容詞,170,39498,537
喜ばしい,望ましい,6.2,5,7,7,6,6,3,0.6,形容詞,170,4195,538
喜ばしい,願わしい,7,6,8,7,7,7,3,0.4,形容詞,170,0,539
喜ばしい,いい,5.8,7,6,5,5,6,3,0.6,形容詞,170,54354,540
喜ばしい,嬉しい,6.8,8,7,7,5,7,3,1,形容詞,170,1204,541
喜ばしく,めでたく,7.4,7,8,9,6,7,3,1,形容詞,60,271,542
嬉しい,望ましい,5.6,8,6,4,5,5,3,1.8,形容詞,1204,4195,543
嬉しい,いい,4.4,4,6,3,5,4,3,1,形容詞,1204,54354,544
嬉しい,良い,6,6,6,8,5,5,3,1.2,形容詞,1204,39498,545
嬉しく,快く,4.4,4,8,4,4,2,3,3.8,形容詞,421,2861,546
嬉しく,良く,4,2,6,3,5,4,3,2,形容詞,421,23972,547
気まずい,苦しい,4.4,2,6,5,5,4,3,1.8,形容詞,238,2301,549
気まずい,居づらい,6.6,9,7,6,6,5,3,1.8,形容詞,238,5658,550
気まずい,気不味い,10,10,10,10,10,10,3,0,形容詞,238,305,551
気まずく,気分悪く,4.8,5,7,2,4,6,3,3,形容詞,84,13999,552
気まずく,居づらく,7.2,9,9,6,6,6,3,2.2,形容詞,84,5658,553
気まずく,煙たく,3.8,6,5,3,3,2,3,2.2,形容詞,84,19,554
気まずく,居心地悪く,7.6,8,9,9,7,5,3,2.2,形容詞,84,13999,555
気まずくない,不快ではない,4.8,5,6,6,5,2,3,2.2,形容詞,84,286367,556
気まずそう,居づらそう,7.2,7,8,10,6,5,3,3,形容詞,45,5658,557
気まずそう,ばつの悪そう,7.2,9,7,7,7,6,3,1,形容詞,45,3628,558
気まずそう,居心地の悪そう,6.6,6,8,7,7,5,3,1,形容詞,45,3628,559
気まずそう,居辛そう,6.8,7,8,8,6,5,3,1.4,形容詞,45,690,560
気まずそう,バツの悪そう,7.8,8,9,9,7,6,3,1.4,形容詞,45,3628,561
気持ちいい,たまらない,5.6,3,7,5,6,7,3,2.2,形容詞,353,415,562
気持ちいい,心地良い,7.4,6,9,8,7,7,3,1,形容詞,353,39498,563
気持ちいい,心地いい,7.4,6,9,8,7,7,3,1,形容詞,353,54354,564
気持ちいい,ちょうど良い,4.8,4,7,5,5,3,3,1.8,形容詞,353,39498,565
気持ちがいい,気持ち良い,9.2,9,10,10,9,8,3,0.6,形容詞,54354,65,566
気持ちがいい,快い,7.8,8,8,8,7,8,3,0.2,形容詞,54354,99,567
気持ちが良い,心地よい,8,9,9,7,7,8,3,0.8,形容詞,39498,315,568
気持ちが良い,気持ちいい,9.4,9,10,10,9,9,3,0.2,形容詞,39498,353,569
気持ちのいい,清々しい,6.6,8,7,6,5,7,3,1,形容詞,54354,83,570
気持ちのいい,気持ちよい,9.4,9,10,10,9,9,3,0.2,形容詞,54354,12,571
気持ちのいい,快い,7.6,8,8,7,7,8,3,0.2,形容詞,54354,99,572
気持ちのいい,気持ち良い,9.4,9,10,10,9,9,3,0.2,形容詞,54354,65,573
気持ちのいい,心地良い,8.2,9,9,9,7,7,3,1,形容詞,54354,39498,574
気持ちのよい,気持ちいい,8,8,9,6,8,9,3,1.2,形容詞,26892,353,575
気持ちのよい,清々しい,7.2,9,7,8,5,7,3,1.8,形容詞,26892,83,576
気持ちのよい,心地よい,7.8,9,8,7,7,8,3,0.6,形容詞,26892,315,577
気持ちのよい,気持ち良い,9.4,9,10,10,9,9,3,0.2,形容詞,26892,65,578
気持ちのよい,快い,7.8,9,8,8,7,7,3,0.6,形容詞,26892,99,579
気持ちのよい,気持ちよい,9.4,9,10,10,9,9,3,0.2,形容詞,26892,12,580
気持ちのよい,心地良い,8.2,9,9,9,7,7,3,1,形容詞,26892,39498,581
気持ちの良い,快い,7.2,8,8,6,7,7,3,0.6,形容詞,39498,99,582
気持ちの良い,気持ちよい,9.4,9,10,10,9,9,3,0.2,形容詞,39498,12,583
気持ちの良い,清々しい,7,8,8,7,5,7,3,1.2,形容詞,39498,83,584
気持ちの良い,ちょうど良い,5,5,6,6,5,3,3,1.2,形容詞,39498,39498,585
気持ちの良い,気持ち良い,9.4,9,10,10,9,9,3,0.2,形容詞,39498,65,586
気持ちの良い,心地良い,8,9,8,9,7,7,3,0.8,形容詞,39498,39498,587
気持ちの良い,気持ちいい,9.4,9,10,10,9,9,3,0.2,形容詞,39498,353,588
気持ちよい,たまらない,5,4,7,3,5,6,3,2,形容詞,12,415,589
気持ちよい,ちょうど良い,6,6,8,8,5,3,3,3.6,形容詞,12,39498,590
気持ちよい,心地よい,8.2,9,8,10,7,7,3,1.4,形容詞,12,315,591
気持ちよい,心地良い,8,9,9,8,7,7,3,0.8,形容詞,12,39498,592
気持ちよい,気持ちいい,9.4,10,10,10,9,8,3,0.6,形容詞,12,353,593
気持ちよい,心地いい,8.2,9,9,9,7,7,3,1,形容詞,12,54354,594
気持ちよかった,心地よかった,8,8,9,9,7,7,3,0.8,形容詞,41,13,595
気持ちよく,快く,6.6,4,9,6,7,7,3,2.6,形容詞,200,2861,596
気持ちよく,気前よく,4.4,2,6,4,5,5,3,1.8,形容詞,200,12752,597
気持ちよく,気分よく,7,9,9,6,5,6,3,2.8,形容詞,200,12752,598
気持ちよく,心地よく,7.4,6,9,8,7,7,3,1,形容詞,200,125,599
気持ち良い,気持ちよい,9.4,10,10,7,10,10,3,1.4,形容詞,65,12,600
気持ち良い,たまらない,6.2,6,9,7,5,4,3,3,形容詞,65,415,601
気持ち良い,ちょうど良い,6,7,9,6,5,3,3,4,形容詞,65,39498,602
気持ち良い,心地良い,8,8,9,9,7,7,3,0.8,形容詞,65,39498,603
気持ち良い,心地よい,8,9,9,8,7,7,3,0.8,形容詞,65,315,604
気持ち良い,気持ちいい,9.6,10,10,10,9,9,3,0.2,形容詞,65,353,605
気持ち良く,快く,7,8,8,5,7,7,3,1.2,形容詞,74,2861,606
気持ち良く,気分よく,6.6,7,8,5,6,7,3,1,形容詞,74,12752,607
気持ち良く,心地よく,8,9,9,8,7,7,3,0.8,形容詞,74,125,608
気持ち良く,気持ちよく,9.8,10,9,10,10,10,3,0.2,形容詞,74,200,609
気持ち良く,気持よく,10,10,10,10,10,10,3,0,形容詞,74,12752,610
気持よかった,気分よかった,7.8,9,8,9,6,7,3,1.4,形容詞,3542,3542,611
気持よく,気分よく,7.8,9,9,7,7,7,3,1,形容詞,12752,12752,612
気前よく,気分よく,6.6,8,7,5,6,7,3,1,形容詞,12752,12752,613
気難しい,難しそう,5.4,9,4,6,3,5,3,4.2,形容詞,443,1144,614
気難しい,険しい,5.2,5,7,5,5,4,3,1,形容詞,443,1325,615
気難しい,厳しい,5.4,5,7,5,5,5,3,0.6,形容詞,443,16160,616
気不味い,良くない,4.2,6,5,1,4,5,3,3,形容詞,305,23972,617
気不味い,苦しい,3.4,4,5,1,5,2,3,2.6,形容詞,305,2301,618
気分が悪く,居心地悪く,5.8,8,5,7,4,5,3,2.2,形容詞,13999,13999,619
気分が悪く,気分悪く,8.8,9,8,10,8,9,3,0.6,形容詞,13999,13999,620
気分のいい,快い,7.4,9,7,8,6,7,3,1,形容詞,54354,99,621
気分のいい,気持ちよい,8.4,9,9,8,7,9,3,0.6,形容詞,54354,12,622
気分のいい,清々しい,7.4,9,8,8,5,7,3,1.8,形容詞,54354,83,623
気分のいい,心地良い,7.8,9,8,8,7,7,3,0.6,形容詞,54354,39498,624
気分のいい,気持ち良い,8.4,9,9,10,7,7,3,1.4,形容詞,54354,65,625
気分のよい,気持ちいい,7.4,8,9,6,7,7,3,1,形容詞,26892,353,626
気分のよい,快い,7.8,9,9,7,7,7,3,1,形容詞,26892,99,627
気分のよい,気持ち良い,8.4,9,9,10,7,7,3,1.4,形容詞,26892,65,628
気分のよい,気持ちよい,8.4,9,10,9,7,7,3,1.4,形容詞,26892,12,629
気分のよい,心地良い,8,9,8,9,7,7,3,0.8,形容詞,26892,39498,630
気分のよい,心地よい,8.2,9,9,9,7,7,3,1,形容詞,26892,315,631
気分のよい,清々しい,7.2,8,8,8,5,7,3,1.4,形容詞,26892,83,632
気分の悪い,苦しい,6.8,9,6,9,6,4,3,3.8,形容詞,24180,2301,633
気分の悪い,良くない,6.2,9,6,7,5,4,3,3,形容詞,24180,23972,634
気分の悪い,気不味い,4.2,5,4,4,4,4,3,0.2,形容詞,24180,305,635
気分の悪い,気まずい,4.8,6,5,5,4,4,3,0.6,形容詞,24180,238,636
気分の悪い,うっとうしい,5.8,7,7,8,5,2,3,4.6,形容詞,24180,68,637
輝かしい,すごい,5.4,7,6,2,5,7,3,3.4,形容詞,1008,3881,658
輝かしい,良い,5.4,8,6,4,4,5,3,2.2,形容詞,1008,39498,659
輝かしい,よい,5.4,8,5,5,4,5,3,1.8,形容詞,1008,26892,660
輝かしい,すばらしい,7.2,9,6,7,6,8,3,1.4,形容詞,1008,1681,661
輝かしい,明るい,6.4,9,7,7,4,5,3,3,形容詞,1008,10322,662
輝かしい,素晴らしい,7,8,7,6,6,8,3,0.8,形容詞,1008,4680,663
輝かしく,華々しく,7,7,7,8,7,6,3,0.4,形容詞,71,311,664
疑わしい,怪しい,7.6,9,7,8,6,8,3,1,形容詞,1253,2411,668
疑わしく,怪しく,6.6,4,8,7,6,8,3,2.2,形容詞,138,191,669
疑わしそう,いぶかしげ,6.4,8,6,6,4,8,3,2.2,形容詞,15,71,670
疑わしそう,あやしそう,7.8,8,9,9,5,8,3,2.2,形容詞,15,81,671
疑わしそう,怪しそう,8,9,9,9,5,8,3,2.4,形容詞,15,156,672
久しい,懐かしい,6.2,6,9,5,6,5,3,2.2,形容詞,285,970,673
久しい,長い,6.2,5,7,8,4,7,3,2.2,形容詞,285,45705,674
久しい,長くなる,5.6,5,7,6,4,6,3,1,形容詞,285,25935,675
久しく,長く,6.4,5,7,8,5,7,3,1.4,形容詞,409,25935,676
居づらそう,ばつの悪そう,6.2,4,7,7,6,7,3,1.4,形容詞,5658,3628,678
居づらそう,居心地の悪そう,7.4,6,8,8,7,8,3,0.6,形容詞,5658,3628,679
居づらそう,居辛そう,10,10,10,10,10,10,3,0,形容詞,5658,690,680
居心地がわるい,良くない,3,0,4,2,5,4,3,3.2,形容詞,486,23972,681
居心地がわるい,気まずい,6.8,9,6,7,5,7,3,1.8,形容詞,486,238,682
居心地が悪い,良くない,5.6,8,5,6,5,4,3,1.8,形容詞,24180,23972,683
居心地が悪い,居づらい,8,9,7,10,6,8,3,2,形容詞,24180,5658,684
居心地が悪い,苦しい,6.2,8,8,6,4,5,3,2.6,形容詞,24180,2301,685
居心地が悪い,気まずい,7.4,9,7,8,6,7,3,1,形容詞,24180,238,686
居心地が悪く,よそよそしく,5,7,7,5,2,4,3,3.6,形容詞,13999,35,687
居心地が悪く,気まずく,7.2,9,7,8,5,7,3,1.8,形容詞,13999,84,688
居心地が悪く,居づらく,7.8,9,8,9,6,7,3,1.4,形容詞,13999,5658,689
居心地の悪い,良くない,5.4,8,5,5,5,4,3,1.8,形容詞,24180,23972,690
居心地の悪い,気まずい,7.4,9,7,8,6,7,3,1,形容詞,24180,238,691
居心地悪く,気分悪く,5.8,9,5,7,4,4,3,3.8,形容詞,13999,13999,692
居辛そう,ばつの悪そう,6,4,7,7,5,7,3,1.6,形容詞,690,3628,693
居辛そう,バツの悪そう,6.8,9,7,6,5,7,3,1.8,形容詞,690,3628,694
虚しい,しょぼい,4.6,7,5,8,0,3,3,8.2,形容詞,71,39,695
虚しい,あっけない,6,6,5,8,4,7,3,2,形容詞,71,81,696
虚しい,さびしい,6.2,6,6,8,5,6,3,1,形容詞,71,171,697
虚しい,侘しい,7,7,8,9,5,6,3,2,形容詞,71,15,698
虚しい,寂しい,6.6,7,7,8,5,6,3,1,形容詞,71,1040,699
強い,激しい,4.6,8,5,3,2,5,3,4.2,形容詞,69211,20669,711
強い,強すぎる,6,6,7,8,3,6,3,2.8,形容詞,69211,19569,712
強ばらせる,厳つくする,4,6,6,3,2,3,3,2.8,形容詞,2,15,713
強ばらせる,恐ろしくする,2.2,3,1,4,0,3,3,2.2,形容詞,2,390,714
強ばらせる,いかつくする,5,7,6,7,2,3,3,4.4,形容詞,2,16,715
恐ろしくする,怖くする,5.6,6,8,4,4,6,3,2.2,形容詞,390,1144,716
狭苦しい,きつい,6,5,7,6,5,7,3,0.8,形容詞,23,1120,717
狭苦しそうな,小さな,5.6,7,4,7,4,6,3,1.8,形容詞,2,-1,718
狭苦しそうな,狭い,6.8,8,8,8,4,6,3,2.6,形容詞,2,10045,719
苦しい,つらい,7,9,8,5,6,7,3,2,形容詞,2301,3503,720
苦しい,難しい,5.2,3,6,7,5,5,3,1.8,形容詞,2301,15932,721
苦しい,厳しい,5.8,8,6,6,3,6,3,2.6,形容詞,2301,16160,722
苦しい,悲しい,4.2,6,5,4,0,6,3,5,形容詞,2301,2704,723
苦しい,良くない,4.8,5,6,6,2,5,3,2.2,形容詞,2301,23972,724
苦しく,切なく,5.6,4,6,7,4,7,3,1.8,形容詞,827,189,725
苦労なく,たやすく,6.6,9,6,5,6,7,3,1.8,形容詞,100862,420,726
激しかった,早かった,2,0,5,2,0,3,3,3.6,形容詞,782,1023,740
激しく,大きく,4.6,5,5,8,0,5,3,6.6,形容詞,13794,84091,741
激しく,強く,5.8,8,7,6,2,6,3,4.2,形容詞,13794,45782,742
隙間なく,余すところなく,7.6,9,7,9,5,8,3,2.2,形容詞,100862,239,743
堅苦しげな,堅苦しい,7.8,9,9,9,4,8,3,3.8,形容詞,37,230,753
堅苦しげな,息苦しい,6.2,7,7,7,4,6,3,1.4,形容詞,37,58,754
肩身の狭い,堅苦しげな,4,3,7,7,0,3,3,7.2,形容詞,10045,37,756
肩身の狭い,息苦しい,5,7,7,6,0,5,3,6.8,形容詞,10045,58,757
賢い,正しい,5.4,7,3,6,4,7,3,2.6,形容詞,1148,12655,781
賢い,良い,6.4,8,6,6,5,7,3,1,形容詞,1148,39498,782
険しい,難しい,5.2,7,6,4,3,6,3,2.2,形容詞,1325,15932,783
険しい,きつい,6.8,8,8,6,5,7,3,1.4,形容詞,1325,1120,784
険しい,厳しい,6.8,7,7,8,5,7,3,1,形容詞,1325,16160,785
険しかった,とげとげしいかった,6,8,7,6,4,5,3,2,形容詞,15,9,786
険しく,厳しく,5.8,4,8,5,5,7,3,2.2,形容詞,255,9648,787
険しく,怖く,3.2,3,6,2,1,4,3,3,形容詞,255,1144,788
険しくする,厳しくする,4.6,5,6,3,4,5,3,1,形容詞,255,9648,789
厳しい,激しい,5.4,8,5,8,1,5,3,6.6,形容詞,16160,20669,793
厳しく,厳しくて,8,9,8,9,5,9,3,2.4,形容詞,9648,9648,794
厳しくする,厳つくする,5.6,4,8,6,5,5,3,1.8,形容詞,9648,15,795
厳つくする,恐ろしくする,6.6,8,6,8,5,6,3,1.4,形容詞,15,390,796
厳つくする,怖くする,6.2,8,8,7,3,5,3,3.8,形容詞,15,1144,797
厳つくする,険しくする,6.6,8,8,8,4,5,3,3,形容詞,15,255,798
言うまでもなく,いうまでもなく,10,10,10,10,10,10,3,0,形容詞,253,172504,805
胡散臭い,怪しい,7,5,9,7,6,8,3,2,形容詞,253,2411,814
胡散臭い,疑わしい,6.4,5,8,6,5,8,3,1.8,形容詞,253,1253,815
後退した,おかしくなった,1.2,2,1,0,0,3,3,1.4,形容詞,3173,1750,817
好ましい,よい,6.6,8,6,8,6,5,3,1.4,形容詞,1185,26892,827
好ましい,正しい,5.2,6,6,4,5,5,3,0.6,形容詞,1185,12655,828
好ましい,良い,6.4,7,6,8,6,5,3,1,形容詞,1185,39498,829
広がった,広くなった,6.6,7,10,5,5,6,3,3.4,形容詞,12243,38934,830
広くなった,大きくされた,7.4,9,7,8,7,6,3,1,形容詞,38934,84091,831
広げた,緩くした,4.8,6,3,6,4,5,3,1.4,形容詞,8437,631,832
広げた,ゆるくした,5.8,7,6,7,4,5,3,1.4,形容詞,8437,278,834
慌ただしく,うるさく,5.4,6,7,9,0,5,3,9,形容詞,71,430,835
慌ただしく,騒がしく,6,8,7,8,2,5,3,5.2,形容詞,71,140,836
甲高い,うるさい,4.8,4,8,4,3,5,3,3,形容詞,426,1071,838
甲高い,すごい,1.4,2,1,0,0,4,3,2.2,形容詞,426,3881,839
甲高く,慌ただしく,1.8,4,0,3,0,2,3,2.6,形容詞,78,71,840
甲高く,大きく,4.6,4,7,8,0,4,3,7.8,形容詞,78,84091,841
甲高く,激しく,4.8,5,6,8,0,5,3,7,形容詞,78,13794,842
甲高く,騒々しく,6.2,8,8,7,3,5,3,3.8,形容詞,78,67,843
甲高く,うるさく,5.8,7,7,7,3,5,3,2.6,形容詞,78,430,844
甲高く,騒がしく,6.4,8,8,8,3,5,3,4.2,形容詞,78,140,845
荒々しい,丁寧ではない,4.2,4,7,3,4,3,3,2.2,形容詞,718,286367,847
荒々しい,危ない,3,3,5,2,1,4,3,2,形容詞,718,1977,848
荒々しい,荒い,6.8,6,8,8,5,7,3,1.4,形容詞,718,1170,849
荒々しい,激しい,7,9,7,7,5,7,3,1.6,形容詞,718,20669,850
荒々しい,荒っぽい,6.6,6,8,7,6,6,3,0.6,形容詞,718,475,851
荒々しく,怖く,2.2,1,5,1,0,4,3,3.8,形容詞,264,1144,852
荒々しく,厳しく,2.4,1,5,3,0,3,3,3,形容詞,264,9648,853
荒々しく,激しく,5.4,5,8,5,4,5,3,1.8,形容詞,264,13794,854
荒々しく,険しく,4.8,4,6,6,4,4,3,1,形容詞,264,255,855
荒い,丁寧ではない,6.4,9,6,8,5,4,3,3.4,形容詞,1170,286367,856
荒っぽい,激しい,5,5,8,5,0,7,3,7.6,形容詞,475,20669,857
荒っぽい,危ない,3.4,5,5,2,0,5,3,4.2,形容詞,475,1977,858
荒っぽい,荒い,6,6,8,5,5,6,3,1.2,形容詞,475,1170,859
荒っぽく,激しく,6.4,5,8,7,5,7,3,1.4,形容詞,133,13794,860
荒っぽく,荒々しく,7.2,8,8,7,5,8,3,1.4,形容詞,133,264,861
香ばしい,芳しい,6.8,4,9,7,5,9,3,4.2,形容詞,104,326,868
香ばしい,美味しそうな,5.2,5,7,3,6,5,3,1.8,形容詞,104,353,869
香ばしい,香り高い,7,9,8,7,4,7,3,2.8,形容詞,104,121227,870
香ばしく,芳しく,8,9,10,7,5,9,3,3.2,形容詞,32,1819,871
香ばしく,かぐわしく,7.6,8,9,8,5,8,3,1.8,形容詞,32,3,872
香ばしく,香り良く,7.8,8,9,9,6,7,3,1.4,形容詞,32,23972,873
香ばしく,香り高く,8,9,9,9,5,8,3,2.4,形容詞,32,49802,874
香ばしく,香りよく,8,9,9,9,6,7,3,1.6,形容詞,32,12752,875
香ばしくて,芳ばしくて,8.4,8,10,9,6,9,3,1.8,形容詞,32,1,876
根性無し,いくじなし,8.2,9,7,9,8,8,3,0.6,形容詞,-1,56900,890
細かく,余すところなく,5.4,8,6,3,5,5,3,2.6,形容詞,3932,239,908
細かく,隙間なく,5.4,5,6,4,6,6,3,0.6,形容詞,3932,100862,909
細かく,詳しく,7.4,8,7,8,6,8,3,0.6,形容詞,3932,12427,910
邪魔くさい,煩わしい,8.8,7,8,10,9,10,3,1.4,形容詞,5,128,963
邪魔くさい,うとましい,7.6,8,9,9,3,9,3,5.4,形容詞,5,4,964
弱々しい,情けない,3,0,4,2,6,3,3,4,形容詞,129,581,967
弱々しい,貧しい,4,4,6,7,1,2,3,5.2,形容詞,129,4341,968
弱々しい,少ない,4,4,6,6,1,3,3,3.6,形容詞,129,42450,969
弱々しい,細い,4.6,3,5,3,5,7,3,2.2,形容詞,129,5217,970
弱々しい,小さい,3.2,2,4,3,3,4,3,0.6,形容詞,129,21977,971
弱々しい,弱い,6.4,6,5,4,9,8,3,3.4,形容詞,129,14370,972
弱々しい,乏しい,5.2,7,6,6,6,1,3,4.6,形容詞,129,3995,973
弱々しい,か弱い,7.6,6,7,7,9,9,3,1.4,形容詞,129,111,974
弱い,壊れやすい,7.2,6,7,9,8,6,3,1.4,形容詞,14370,4793,975
弱い,あまりない,4.2,5,4,5,5,2,3,1.4,形容詞,14370,286367,976
弱い,割れやすい,5.6,6,6,7,6,3,3,1.8,形容詞,14370,2841,977
弱くなった,弱体化した,8.4,8,9,7,9,9,3,0.6,形容詞,6340,1646954,978
弱弱しい,弱い,7,6,5,9,7,8,3,2,形容詞,13,14370,979
弱弱しい,割れやすい,4,5,6,2,5,2,3,2.8,形容詞,13,2841,980
弱弱しい,小さい,5.8,7,6,9,4,3,3,4.6,形容詞,13,21977,981
弱弱しい,細い,5.8,6,6,8,5,4,3,1.8,形容詞,13,5217,982
弱弱しい,力ない,7.8,7,9,8,9,6,3,1.4,形容詞,13,286367,983
弱弱しい,か弱い,8.4,8,9,8,8,9,3,0.2,形容詞,13,111,984
弱弱しい,もろい,8,8,8,9,8,7,3,0.4,形容詞,13,670,985
弱弱しい,崩れやすい,7.4,7,7,7,8,8,3,0.2,形容詞,13,3854,986
弱弱しい,弱々しい,10,10,10,10,10,10,3,0,形容詞,13,129,987
手加減のない,厳しい,7.2,9,8,6,8,5,3,2.2,形容詞,286367,16160,1006
手厚く,礼儀正しく,3.8,4,6,2,5,2,3,2.6,形容詞,558,4657,1007
手荒い,荒々しい,6.6,8,7,3,8,7,3,3.4,形容詞,57,718,1008
手荒い,荒っぽい,8.2,8,9,9,8,7,3,0.6,形容詞,57,475,1009
手早く,早く,7.2,9,5,7,9,6,3,2.6,形容詞,198,20154,1010
手早く,すばやく,7,4,7,7,9,8,3,2.8,形容詞,198,734,1011
手早く,手際よく,7.6,6,8,6,9,9,3,1.8,形容詞,198,12752,1012
手早く,素早く,7.2,7,6,7,9,7,3,1,形容詞,198,3818,1013
所狭しと,隙間なく,8.2,9,8,7,10,7,3,1.4,形容詞,189,100862,1042
暑苦しく,じゃまくさく,4.8,7,7,6,2,2,3,5.4,形容詞,34,0,1043
暑苦しく,うっとうしく,5.2,7,7,7,3,2,3,5,形容詞,34,25,1044
小さい,弱い,5.6,6,5,7,6,4,3,1,形容詞,21977,14370,1061
小さな,つつましやかな,4.4,6,7,5,1,3,3,4.6,形容詞,-1,20,1062
小高い,高い,4.4,4,6,4,6,2,3,2.2,形容詞,808,121227,1063
少し高い,高い,4.2,1,6,5,6,3,3,3.8,形容詞,121227,121227,1064
少ない,貧しい,4.6,4,6,8,3,2,3,4.6,形容詞,42450,4341,1065
少ない,乏しい,7.2,6,7,9,7,7,3,1,形容詞,42450,3995,1066
少ない,弱い,4.2,5,4,6,3,3,3,1.4,形容詞,42450,14370,1067
上手に早く,手際よく,8.2,9,8,7,7,10,3,1.4,形容詞,20154,12752,1117
情けない,恥ずかしい,5,3,6,7,2,7,3,4.4,形容詞,581,1838,1130
情けない,根性無し,5.8,7,9,7,3,3,3,5.8,形容詞,581,-1,1131
情けなかった,みっともなかた,6.8,8,9,5,3,9,3,5.8,形容詞,8,3,1132
情けなかった,悲しい,4.8,6,9,6,0,3,3,9.4,形容詞,8,2704,1133
情けなかった,意気地なしだった,5.4,6,9,6,3,3,3,5,形容詞,8,56900,1134
情けなかった,恥ずかしかった,5.4,6,8,8,2,3,3,6.2,形容詞,8,116,1135
情けなかった,かっこわるかった,6.8,7,8,9,3,7,3,4.2,形容詞,8,4,1136
情けなかった,不甲斐なかった,6.2,7,6,7,4,7,3,1.4,形容詞,8,6,1137
情けなかった,嘆かわしかった,7,7,8,7,7,6,3,0.4,形容詞,8,0,1138
情けなかった,いくじなかった,6.4,7,8,7,3,7,3,3,形容詞,8,82160,1139
情けなく,恥ずかしく,4,7,3,4,2,4,3,2.8,形容詞,90,489,1140
情けなく,みっともなく,6.4,6,8,8,3,7,3,3.4,形容詞,90,16,1141
情けなく,虚しく,5,6,6,8,2,3,3,4.8,形容詞,90,244,1142
情けなく,不甲斐なく,6.2,7,8,6,4,6,3,1.8,形容詞,90,18,1143
色濃くなる,強く出る,7.2,7,7,6,8,8,3,0.6,形容詞,1807,45782,1149
侵された,弱くなった,3.4,4,5,3,2,3,3,1,形容詞,1347,6340,1162
心苦しい,苦しい,5.8,7,5,3,8,6,3,3,形容詞,27,2301,1167
心苦しい,心憂い,6.6,7,4,7,9,6,3,2.6,形容詞,27,0,1168
心苦しい,しんどい,5,6,8,5,3,3,3,3.6,形容詞,27,233,1169
心苦しい,きつい,5,5,7,8,3,2,3,5.2,形容詞,27,1120,1170
心苦しい,つらい,5.6,6,7,9,3,3,3,5.4,形容詞,27,3503,1171
心苦しい,切ない,5.6,6,6,8,5,3,3,2.6,形容詞,27,661,1172
心苦しい,辛い,5.6,6,8,8,3,3,3,5,形容詞,27,2740,1173
心苦しく,寂しく,4.2,4,4,7,4,2,3,2.6,形容詞,45,501,1174
心苦しく,悲しく,5,5,7,7,4,2,3,3.6,形容詞,45,399,1175
心苦しく,切なく,5.4,6,6,8,5,2,3,3.8,形容詞,45,189,1176
心苦しく,辛く,5.2,6,8,7,3,2,3,5.4,形容詞,45,873,1177
心苦しく,つらく,5.4,7,8,7,3,2,3,5.8,形容詞,45,204,1178
心地の悪い,居づらい,8.4,9,7,7,10,9,3,1.4,形容詞,24180,5658,1179
心地の悪い,気まずい,6.4,7,7,8,3,7,3,3,形容詞,24180,238,1180
心地よい,気持ちいい,8,5,9,8,10,8,3,2.8,形容詞,315,353,1181
心地よい,ちょうど良い,6,5,6,3,9,7,3,4,形容詞,315,39498,1182
心地よかった,気分よかった,8.4,9,9,8,8,8,3,0.2,形容詞,13,3542,1183
心地よかった,気持よかった,9.4,9,9,9,10,10,3,0.2,形容詞,13,3542,1184
心地よく,気分よく,8.4,9,9,8,8,8,3,0.2,形容詞,125,12752,1185
心地よく,気持よく,9.4,10,9,9,10,9,3,0.2,形容詞,125,12752,1186
神々しい,輝かしい,5.2,5,7,5,3,6,3,1.8,形容詞,124,1008,1189
辛い,苦しい,8,9,9,5,9,8,3,2.4,形容詞,2740,2301,1193
辛い,きつい,7.8,9,8,5,9,8,3,2.2,形容詞,2740,1120,1194
辛い,難しい,4.8,8,5,4,4,3,3,3,形容詞,2740,15932,1195
辛い,厳しい,6.6,9,6,5,9,4,3,4.2,形容詞,2740,16160,1196
辛い,心憂い,6.4,7,6,5,10,4,3,4.2,形容詞,2740,0,1197
辛い,つらい,10,10,10,10,10,10,3,0,形容詞,2740,3503,1198
辛抱できない,早くしてほしい,7.2,8,5,10,6,7,3,3,形容詞,0,20154,1199
凄い,素晴らしい,5,6,7,4,2,6,3,3.2,形容詞,1331,4680,1209
凄い,すごい,10,10,10,10,10,10,3,0,形容詞,1331,3881,1210
凄まじい,強すぎる,6.2,8,6,6,5,6,3,1,形容詞,2118,19569,1211
凄まじい,激しい,6,6,6,6,5,7,3,0.4,形容詞,2118,20669,1212
凄まじかった,激しかった,7.4,9,7,9,5,7,3,2.2,形容詞,37,782,1213
凄まじかった,すごかった,8.8,9,9,9,9,8,3,0.2,形容詞,37,71,1214
正しい,良い,6.2,8,5,6,9,3,3,4.6,形容詞,12655,39498,1227
正しい,願わしい,4.2,7,6,5,0,3,3,6.2,形容詞,12655,0,1228
正しい,より良い,5.2,6,6,7,0,7,3,7,形容詞,12655,39498,1229
清々しい,心地良い,6.2,6,8,5,5,7,3,1.4,形容詞,83,39498,1230
清々しい,気持ちよい,7.4,8,7,6,9,7,3,1,形容詞,83,12,1231
清々しい,気持ち良い,8.2,8,9,8,9,7,3,0.6,形容詞,83,65,1232
清々しい,快い,8.2,8,9,8,8,8,3,0.2,形容詞,83,99,1233
清々しい,清い,8,8,8,9,8,7,3,0.4,形容詞,83,145,1234
脆く,もろく,9.8,10,10,10,10,9,3,0.2,形容詞,489,390,1240
切ない,心憂い,6.8,9,4,6,9,6,3,3.8,形容詞,661,0,1245
切ない,苦しい,5,2,6,5,6,6,3,2.4,形容詞,661,2301,1246
切ない,寂しい,6.4,5,5,7,7,8,3,1.4,形容詞,661,1040,1247
切ない,つらい,4.8,4,6,4,6,4,3,1,形容詞,661,3503,1248
切ない,悲しい,5.6,4,6,5,5,8,3,1.8,形容詞,661,2704,1249
切ない,辛い,5.6,5,6,5,6,6,3,0.2,形容詞,661,2740,1250
切なく,寂しく,5.4,3,7,5,5,7,3,2.2,形容詞,189,501,1251
切なく,辛く,5.2,3,6,5,6,6,3,1.4,形容詞,189,873,1252
切れ目なく,隙間なく,6.6,9,6,6,3,9,3,5,形容詞,100862,100862,1253
折悪しく,運悪く,7.6,9,9,9,5,6,3,3,形容詞,91,13999,1260
浅い,少ない,4.2,7,5,6,2,1,3,5.4,形容詞,4216,42450,1275
素晴らしい,明るい,2.8,2,6,6,0,0,3,7.4,形容詞,4680,10322,1287
素晴らしい,すごく良い,7.8,10,7,6,8,8,3,1.8,形容詞,4680,1581,1288
素晴らしい,すごい,6.4,7,7,4,7,7,3,1.4,形容詞,4680,3881,1289
素晴らしい,よい,7.8,9,7,8,7,8,3,0.6,形容詞,4680,26892,1290
素晴らしい,良い,7.2,8,6,7,7,8,3,0.6,形容詞,4680,39498,1291
素晴らしい,すばらしい,10,10,10,10,10,10,3,0,形容詞,4680,1681,1292
素早い,早い,8,9,7,8,8,8,3,0.4,形容詞,1872,11014,1293
素早く,手際よく,6.8,9,7,6,6,6,3,1.4,形容詞,3818,12752,1294
素早く,速く,7.2,8,7,10,8,3,3,5.4,形容詞,3818,5565,1295
素早く,早く,8,9,7,8,8,8,3,0.4,形容詞,3818,20154,1296
早く,手際よく,6.2,6,7,7,6,5,3,0.6,形容詞,20154,12752,1307
騒々しい,激しい,5,3,8,4,4,6,3,3.2,形容詞,195,20669,1316
騒々しい,すごい,3,2,6,2,4,1,3,3.2,形容詞,195,3881,1317
騒々しい,うるさい,8.4,10,7,8,8,9,3,1,形容詞,195,1071,1318
騒々しく,大きく,5.2,8,5,9,0,4,3,10.2,形容詞,67,84091,1319
騒々しく,けたたましく,7.2,8,8,10,7,3,3,5.4,形容詞,67,21,1320
騒々しく,激しく,5.6,6,6,8,4,4,3,2.2,形容詞,67,13794,1321
騒々しく,慌ただしく,5.2,7,7,6,5,1,3,5,形容詞,67,71,1322
騒々しく,騒がしく,9,8,9,9,10,9,3,0.4,形容詞,67,140,1323
騒々しく,うるさく,8.8,9,9,9,8,9,3,0.2,形容詞,67,430,1324
騒がしい,甲高い,4.6,3,7,3,4,6,3,2.6,形容詞,303,426,1325
騒がしい,騒々しい,8.6,6,9,9,10,9,3,1.8,形容詞,303,195,1326
騒がしい,うるさい,8.4,10,8,8,8,8,3,0.6,形容詞,303,1071,1327
騒がしい,すごい,1.4,1,1,0,4,1,3,1.8,形容詞,303,3881,1328
騒がしく,激しく,4.2,1,6,4,4,6,3,3.4,形容詞,140,13794,1329
騒がしくなっている,波だっている,1.8,3,5,0,0,1,3,3.8,形容詞,140,0,1330
憎々しく,腹立たしく,7.6,7,8,8,7,8,3,0.2,形容詞,7,19,1332
憎々しく,苦々しく,6,6,5,6,5,8,3,1.2,形容詞,7,309,1333
憎々しくもあり,苦々しくもあり,5.2,5,7,2,5,7,3,3.4,形容詞,7,309,1334
憎々しげ,苛立たしげ,6,7,6,7,6,4,3,1.2,形容詞,11,177,1335
憎々しげ,憎らしげ,8.4,8,9,9,8,8,3,0.2,形容詞,11,5,1336
憎々しげ,いまいましげ,7.4,8,7,8,8,6,3,0.6,形容詞,11,0,1337
憎々しげに,腹立たしく,7.4,8,6,8,7,8,3,0.6,形容詞,11,19,1338
憎々しげに,憎々しく,8.4,8,9,9,8,8,3,0.2,形容詞,11,7,1339
憎たらしい,腹立たしい,8.2,8,9,10,7,7,3,1.4,形容詞,31,59,1340
憎らしげ,苛立たしげ,7,8,7,6,6,8,3,0.8,形容詞,5,177,1341
憎らしげ,いまいましげ,7.4,8,7,8,8,6,3,0.6,形容詞,5,0,1342
憎憎しく,腹立たしく,7.4,7,7,8,7,8,3,0.2,形容詞,0,19,1343
息苦しそうな,きつい,5.6,7,7,4,6,4,3,1.8,形容詞,98,1120,1347
速く,早く,6.4,10,5,8,8,1,3,9.8,形容詞,5565,20154,1348
速く走る,爆走する,7.2,9,5,7,7,8,3,1.8,形容詞,5565,791729,1349
待ちこがれる,早く来てほしい,5.6,7,5,2,6,8,3,4.2,形容詞,4,20154,1362
待ちわびる,早く見たい,6.4,8,6,5,6,7,3,1,形容詞,39,20154,1364
待ち遠しい,早く見たい,7.2,8,9,7,6,6,3,1.4,形容詞,70,20154,1365
待ち遠しい,早くしてほしい,7.2,8,9,9,6,4,3,3.8,形容詞,70,20154,1366
待ち遠しい,早く来てほしい,8,8,9,9,6,8,3,1.2,形容詞,70,20154,1367
待ち遠しい,早く来て欲しい,7.8,8,9,9,6,7,3,1.4,形容詞,70,20154,1368
待ち遠しく,恋しく,6.2,7,6,6,4,8,3,1.8,形容詞,16,498,1369
待ち遠しく,早く来てほしく,7.4,8,9,8,6,6,3,1.4,形容詞,16,20154,1370
待ち焦がれた,早く来てほしい,4.6,6,4,1,6,6,3,3.8,形容詞,33,20154,1371
大きい,広い,7,8,8,9,5,5,3,2.8,形容詞,32946,16654,1389
大きくされた,広くされた,6.4,8,7,6,6,5,3,1,形容詞,84091,38934,1390
大きくなった,広がった,5.8,7,7,3,6,6,3,2.2,形容詞,84091,12243,1391
大きくなった,広くなった,6.2,7,6,7,6,5,3,0.6,形容詞,84091,38934,1392
嘆かわしい,恥ずかしい,6.2,7,8,7,4,5,3,2.2,形容詞,61,1838,1396
弛ませた,緩くした,6.4,7,4,7,9,5,3,3,形容詞,48,631,1405
弛ませた,ゆるくした,6.4,7,5,6,9,5,3,2.2,形容詞,48,278,1406
恥ずかしかった,嘆かわしかった,4.4,2,7,3,4,6,3,3.4,形容詞,116,0,1407
恥ずかしかった,悲しい,2.8,0,2,1,4,7,3,6.2,形容詞,116,2704,1408
恥ずかしく,虚しく,3.8,3,4,0,5,7,3,5.4,形容詞,489,244,1409
張り合いがなく,あっけなく,6.8,8,6,7,7,6,3,0.6,形容詞,179,676,1414
痛ましい,切ない,5.4,5,5,6,4,7,3,1,形容詞,145,661,1435
頭のいい,より良い,3,7,2,4,2,0,3,5.6,形容詞,54354,39498,1477
頭のいい,賢い,7.2,9,9,7,8,3,3,5,形容詞,54354,1148,1478
頭のいい,正しい,4.2,6,5,6,4,0,3,5,形容詞,54354,12655,1479
頭の悪い,馬鹿馬鹿しい,5,5,5,8,7,0,3,7.6,形容詞,24180,94,1480
頭の良い,正しい,4.4,5,5,7,4,1,3,3.8,形容詞,39498,12655,1481
頭の良い,より良い,4.4,7,5,6,2,2,3,4.2,形容詞,39498,39498,1482
難しい,厳しい,6,7,6,8,4,5,3,2,形容詞,15932,16160,1491
馬鹿らしい,あほらしい,8.6,9,9,9,9,7,3,0.6,形容詞,22,1,1510
薄い,あまりない,3.2,6,4,1,2,3,3,3,形容詞,8947,286367,1547
煩く,けたたましく,6.4,9,5,6,6,6,3,1.8,形容詞,26,21,1549
煩く,激しく,5.6,6,5,8,5,4,3,1.8,形容詞,26,13794,1550
煩く,甲高く,6.6,7,7,9,5,5,3,2.2,形容詞,26,78,1551
煩く,騒々しく,8,8,9,9,8,6,3,1.2,形容詞,26,67,1552
煩く,うるさく,9.2,10,10,9,10,7,3,1.4,形容詞,26,430,1553
煩わしい,難しい,3.6,1,6,3,3,5,3,3,形容詞,128,15932,1554
煩わしい,気持ち悪い,2.6,0,4,2,2,5,3,3,形容詞,128,24180,1555
煩わしい,面倒くさい,6.8,5,8,8,7,6,3,1.4,形容詞,128,203,1556
煩わしい,うっとうしい,8.8,8,10,10,8,8,3,1,形容詞,128,68,1557
煩わしく,うっとうしく,8.4,7,10,9,8,8,3,1,形容詞,69,25,1558
煩わしく,じゃまくさく,8.2,8,9,9,7,8,3,0.6,形容詞,69,0,1559
悲しい,嘆かわしい,6.6,8,6,5,6,8,3,1.4,形容詞,2704,61,1560
悲しく,寂しく,6,4,6,8,6,6,3,1.6,形容詞,399,501,1561
悲しく,切なく,5.2,3,6,5,6,6,3,1.4,形容詞,399,189,1562
悲しく,辛く,5.2,4,5,4,6,7,3,1.4,形容詞,399,873,1563
悲しげ,切ない,5.6,4,7,5,6,6,3,1,形容詞,530,661,1564
美しく見える,美しい,7.6,9,6,6,9,8,3,1.8,形容詞,4439,18231,1574
美味しそう,香りよく,3.8,2,6,3,6,2,3,3.4,形容詞,353,12752,1575
病んだ,弱くなった,5.6,7,6,6,5,4,3,1,形容詞,958,6340,1612
貧しい,ない,5,4,6,7,6,2,3,3.2,形容詞,4341,286367,1614
貧しい,無い,4.6,4,6,5,6,2,3,2.2,形容詞,4341,56147,1615
不甲斐ない,情けない,7,4,7,8,8,8,3,2.4,形容詞,166,581,1618
不甲斐なく,みっともなく,7.6,6,9,9,6,8,3,1.8,形容詞,18,16,1619
不正の無い,厳しい,4.6,7,5,5,6,0,3,5.8,形容詞,56147,16160,1620
腹立たしい,悔しい,6.4,6,7,7,6,6,3,0.2,形容詞,59,529,1641
腹立たしかった,憎たらしかった,7.6,8,9,7,7,7,3,0.6,形容詞,6,3,1642
腹立たしく,苦々しく,5.6,7,7,3,6,5,3,2.2,形容詞,19,309,1643
腹立たしげ,憎々しげ,5.6,7,6,2,6,7,3,3.4,形容詞,12,11,1644
腹立たしげ,苛立たしげ,7.4,8,8,6,7,8,3,0.6,形容詞,12,177,1645
腹立たしげ,憎らしげ,7.2,8,8,7,6,7,3,0.6,形容詞,12,5,1646
腹立たしげ,いまいましげ,7.2,7,7,8,7,7,3,0.2,形容詞,12,0,1647
物凄い,すさまじい,7.8,9,9,5,8,8,3,2.2,形容詞,300,506,1649
物凄い,凄い,7,4,8,7,8,8,3,2.4,形容詞,300,1331,1650
物凄い,激しい,5,2,6,3,7,7,3,4.4,形容詞,300,20669,1651
物凄い,驚くほど激しい,7.2,8,7,6,7,8,3,0.6,形容詞,300,4394,1652
物凄い,すごい,7.8,9,7,8,8,7,3,0.6,形容詞,300,3881,1653
物凄い,ものすごい,10,10,10,10,10,10,3,0,形容詞,300,468,1654
物凄かった,激しかった,7.4,7,8,9,6,7,3,1,形容詞,1,782,1655
物凄かった,凄まじかった,8.6,9,9,9,8,8,3,0.2,形容詞,1,37,1656
物悲しい,辛い,6.4,4,8,8,6,6,3,2.2,形容詞,49,2740,1657
物悲しい,やるせない,7.2,7,6,10,6,7,3,2.2,形容詞,49,63,1658
物悲しい,心憂い,6.6,8,6,6,6,7,3,0.6,形容詞,49,0,1659
物悲しい,つらい,6.4,6,6,8,6,6,3,0.6,形容詞,49,3503,1660
物悲しい,悲しげ,7.6,7,9,8,7,7,3,0.6,形容詞,49,530,1661
物悲しい,切ない,6,5,6,7,6,6,3,0.4,形容詞,49,661,1662
物悲しい,心苦しい,5.8,6,6,6,5,6,3,0.2,形容詞,49,27,1663
物悲しく,切なく,6.8,7,7,8,6,6,3,0.6,形容詞,16,189,1664
紛らわしい,難しい,4,4,7,3,6,0,3,6,形容詞,928,15932,1672
雰囲気が悪く,気まずく,7.4,9,6,8,7,7,3,1,形容詞,13999,84,1673
雰囲気が悪く,気分悪く,5.6,5,6,7,6,4,3,1,形容詞,13999,13999,1674
雰囲気が悪く,居心地悪く,7.6,9,8,8,6,7,3,1,形容詞,13999,13999,1675
雰囲気が悪く,煙たく,4.4,6,5,6,5,0,3,5,形容詞,13999,19,1676
崩れやすい,弱い,6.6,7,7,6,7,6,3,0.2,形容詞,3854,14370,1689
芳しい,香り高い,7,4,9,8,8,6,3,3.2,形容詞,326,121227,1691
芳しい,好ましい,4.8,2,7,5,6,4,3,3,形容詞,326,1185,1692
芳しい,良い,5.2,3,7,5,7,4,3,2.6,形容詞,326,39498,1693
芳ばしい,いい,5.8,8,5,5,7,4,3,2.2,形容詞,4,54354,1694
芳ばしい,美味しそうな,5.6,7,4,6,6,5,3,1,形容詞,4,353,1695
芳ばしい,美味しい,6.6,7,8,7,6,5,3,1,形容詞,4,1920,1696
芳ばしい,香ばしい,8.6,8,8,8,9,10,3,0.6,形容詞,4,104,1697
芳ばしく,香ばしく,9.2,9,10,8,9,10,3,0.6,形容詞,1,32,1698
芳ばしく,香りよく,8.8,9,9,9,8,9,3,0.2,形容詞,1,12752,1699
乏しい,細い,4.2,6,5,1,6,3,3,3.8,形容詞,3995,5217,1700
乏しい,薄い,4.6,7,5,2,6,3,3,3.4,形容詞,3995,8947,1701
乏しい,弱い,4.4,6,5,2,6,3,3,2.6,形容詞,3995,14370,1702
乏しい,あまりない,6.8,8,6,5,8,7,3,1.4,形容詞,3995,286367,1703
乏しい,浅い,5.4,7,5,5,7,3,3,2.2,形容詞,3995,4216,1704
乏しい,ない,4.8,4,6,5,7,2,3,3,形容詞,3995,286367,1705
乏しい,貧しい,7.4,8,8,7,8,6,3,0.6,形容詞,3995,4341,1706
乏しい,無い,5,5,6,5,7,2,3,2.8,形容詞,3995,56147,1707
乏しい,小さい,5,5,5,6,6,3,3,1.2,形容詞,3995,21977,1708
乏しき,貧しき,8.2,9,9,9,8,6,3,1.4,形容詞,15,195,1709
乏しく,少なく,6.2,9,5,7,7,3,3,4.2,形容詞,2241,31803,1710
望ましい,うれしい,4.2,7,6,2,6,0,3,7.4,形容詞,4195,1111,1716
望ましい,願わしい,7.6,9,6,8,8,7,3,1,形容詞,4195,0,1717
望ましい,好ましい,7.2,9,6,8,7,6,3,1.4,形容詞,4195,1185,1718
望ましい,正しい,5,8,6,6,5,0,3,7.2,形容詞,4195,12655,1719
望ましい,よい,6.4,8,6,7,6,5,3,1,形容詞,4195,26892,1720
望ましい,ふさわしい,6.6,8,6,7,6,6,3,0.6,形容詞,4195,3336,1721
望ましい,良い,6.4,8,6,7,6,5,3,1,形容詞,4195,39498,1722
面倒くさい,わかりにくい,4.6,2,7,3,5,6,3,3.4,形容詞,203,5478,1759
面倒くさい,細かい,4,4,6,3,5,2,3,2,形容詞,203,6035,1760
面倒くさく,ややこしく,6.2,6,7,6,5,7,3,0.6,形容詞,40,140,1761
面白い,楽しい,6.8,9,6,6,6,7,3,1.4,形容詞,4891,5080,1762
面白い,興味深い,6,7,7,4,7,5,3,1.6,形容詞,4891,1910,1763
面白い,おかしい,7.6,9,7,7,7,8,3,0.6,形容詞,4891,2055,1764
面白おかしく,楽しく,7.6,9,8,6,8,7,3,1,形容詞,1750,3081,1765
面白おかしく,面白く,8.4,9,8,8,8,9,3,0.2,形容詞,1750,1649,1766
面白おかしく,おもしろおかしく,10,10,10,10,10,10,3,0,形容詞,1750,3543,1767
面白おかしくて,面白くて,8.6,10,8,8,8,9,3,0.6,形容詞,1750,1649,1768
面白く,楽しく,7,6,7,8,7,7,3,0.4,形容詞,1649,3081,1769
乱れる,激しくなる,5,5,6,6,6,2,3,2.4,形容詞,673,13794,1788
良い,願わしい,5.6,7,5,6,7,3,3,2.2,形容詞,39498,0,1799
良い,よい,10,10,10,10,10,10,3,0,形容詞,39498,26892,1800
力ない,小さい,4.2,5,5,4,5,2,3,1.4,形容詞,286367,21977,1801
力強い,強い,7.6,9,7,8,7,7,3,0.6,形容詞,1700,69211,1802
恋しい,切ない,5,2,7,5,5,6,3,2.8,形容詞,158,661,1804
恋しい,寂しくなる,3.8,1,5,5,2,6,3,3.8,形容詞,158,501,1805
和らげた,緩くした,5.6,7,6,5,7,3,3,2.2,形容詞,266,631,1836
侘しい,寂しい,7.4,7,9,7,6,8,3,1,形容詞,15,1040,1847
侘しい,むなしい,7.4,8,8,9,6,6,3,1.4,形容詞,15,54,1848
侘しい,さびしい,6.6,6,7,6,6,8,3,0.6,形容詞,15,171,1849
細かく,詳しく,8.6,7,9,10,8,9,2,1,形容詞,3932,12427,1859
あっけなく,たやすく,7.2,6,8,6,8,8,2,1,形容詞,676,420,1865
いい加減だ,荒っぽい,5.2,6,6,10,2,2,2,9,形容詞,-1,475,1870
いかつくする,厳しくする,5.6,6,8,7,4,3,2,3.4,形容詞,16,9648,1871
うっとうしい,気持ち悪い,5.4,5,8,7,5,2,2,4.2,形容詞,68,24180,1876
うっとうしく,わずらわしく,7.6,8,7,9,7,7,2,0.6,形容詞,25,15,1877
うるさい,激しい,5.4,6,9,6,4,2,2,5.4,形容詞,1071,20669,1881
うるさく,大きく,6,5,8,10,5,2,2,7.6,形容詞,430,84091,1882
うれしい,好ましい,6,6,9,9,3,3,2,7.2,形容詞,1111,1185,1883
おいしく,香ばしく,5.6,5,9,7,3,4,2,4.6,形容詞,558,32,1884
おどろおどろしい,すさまじい,5.2,7,8,0,7,4,2,8.6,形容詞,116,506,1886
かっこわるかった,根性なしだった,5.8,5,6,10,5,3,2,5.4,形容詞,4,56900,1893
かっこわるかった,いくじなかった,5.6,5,6,9,5,3,2,3.8,形容詞,4,82160,1894
かなしい,寂しい,7.4,5,9,8,7,8,2,1.8,形容詞,145,1040,1895
か細い,弱い,7.4,6,8,7,8,8,2,0.6,形容詞,46,14370,1896
か細い,小さい,6.6,6,8,5,8,6,2,1.4,形容詞,46,21977,1897
か細い,細い,8.8,7,10,9,9,9,2,1,形容詞,46,5217,1898
か細い,細かい,5.4,6,8,3,8,2,2,6.2,形容詞,46,6035,1899
か弱い,小さい,6.6,7,9,7,7,3,2,3.8,形容詞,111,21977,1900
きつい,難しい,7.4,6,8,9,8,6,2,1.4,形容詞,1120,15932,1901
きめ細かく,詳しく,8.6,7,9,10,9,8,2,1,形容詞,125,12427,1902
けたたましい,激しい,7.4,6,8,9,7,7,2,1,形容詞,65,20669,1907
しけている,騒がしくなっている,4.8,6,4,9,2,3,2,6.2,形容詞,363,140,1925
すがすがしい,神々しい,4.6,4,8,6,1,4,2,5.4,形容詞,47,124,1930
すがすがしい,華々しい,4.6,3,8,7,0,5,2,8.2,形容詞,47,613,1931
すごい,激しい,7,6,9,6,8,6,2,1.6,形容詞,3881,20669,1932
すごい,うるさい,5,5,9,5,2,4,2,5.2,形容詞,3881,1071,1933
すさまじい,ひどい,6.2,7,9,5,7,3,2,4.2,形容詞,506,2753,1934
すさまじい,恐ろしい,6.4,6,8,7,4,7,2,1.8,形容詞,506,2888,1935
すさまじい,騒々しい,5,5,8,6,3,3,2,3.6,形容詞,506,195,1936
すさまじい,うるさい,5.6,5,9,7,3,4,2,4.6,形容詞,506,1071,1937
すさまじい,強すぎる,6.2,6,7,8,7,3,2,3,形容詞,506,19569,1938
すさまじい,激しい,7.6,6,8,7,9,8,2,1,形容詞,506,20669,1939
すさまじい,騒がしい,6,5,8,8,6,3,2,3.6,形容詞,506,303,1940
すさまじい,強い,6.8,6,8,9,8,3,2,4.6,形容詞,506,69211,1941
すさまじい,ものすごい,8.8,8,9,9,9,9,2,0.2,形容詞,506,468,1942
すさまじい,素晴らしい,4.8,5,9,8,1,1,2,11.4,形容詞,506,4680,1943
すさまじい,どえらい,7.8,8,8,10,9,4,2,4.2,形容詞,506,515,1944
すさまじかった,早かった,3.4,4,8,3,1,1,2,6.6,形容詞,10,1023,1945
つらく,悲しく,7.8,6,9,10,7,7,2,2.2,形容詞,204,399,1956
とてつもない,激しい,8.2,6,9,9,9,8,2,1.4,形容詞,446,20669,1957
とてつもない,すごい,8,7,9,9,8,7,2,0.8,形容詞,446,3881,1958
ひどい,凄い,7,6,8,9,8,4,2,3.2,形容詞,2753,1331,1984
ひどい,激しい,6.8,6,9,7,8,4,2,3,形容詞,2753,20669,1985
ひどい,すごい,7.2,6,9,10,8,3,2,6.2,形容詞,2753,3881,1986
ふさわしい,願わしい,7.4,6,8,8,7,8,2,0.6,形容詞,3336,0,1987
ほしい,嬉しい,3.6,4,9,0,2,3,2,9,形容詞,10520,1204,1988
ほしい,うれしい,3.6,4,9,0,2,3,2,9,形容詞,10520,1111,1989
ほしかった,好ましい,5.6,5,9,3,3,8,2,6.2,形容詞,258,1185,1990
みっともない,悲しい,5,5,9,7,1,3,2,8,形容詞,150,2704,1993
めんどくさく,うっとうしく,8,6,8,10,7,9,2,2,形容詞,17,25,1995
ものすごい,ひどい,7,7,8,9,8,3,2,4.4,形容詞,468,2753,1996
ものすごい,激しい,7.8,6,9,8,9,7,2,1.4,形容詞,468,20669,1997
ものすごい,恐ろしい,6.6,6,9,8,6,4,2,3,形容詞,468,2888,1998
ものすごい,騒々しい,6,6,9,6,6,3,2,3.6,形容詞,468,195,1999
ものすごい,どえらえい,8.2,8,8,10,9,6,2,1.8,形容詞,468,254,2000
ものすごい,うるさく,6,6,9,7,6,2,2,5.2,形容詞,468,430,2001
もろく,千切れやすく,7.2,7,8,7,8,6,2,0.6,形容詞,390,4054,2003
もろくて,流れやすくて,5.8,5,9,7,6,2,2,5.4,形容詞,390,25069,2004
やかましい,激しい,5.6,6,8,6,6,2,2,3.8,形容詞,156,20669,2005
やかましく,大きく,5.4,5,9,5,6,2,2,5,形容詞,49,84091,2006
可笑しげに,おもしろおかしく,9,9,9,9,9,9,2,0,形容詞,65,3543,2026
華々しい,明るい,7.2,7,8,10,7,4,2,3.8,形容詞,613,10322,2027
華々しい,すごい,6.8,6,8,9,7,4,2,3,形容詞,613,3881,2028
華々しい,よい,6,5,9,7,6,3,2,4,形容詞,613,26892,2029
華々しく,大きく,5.6,4,9,5,7,3,2,4.6,形容詞,311,84091,2030
我慢できない,早く来てほしい,5.6,6,8,9,2,3,2,7.4,形容詞,0,20154,2031
快かった,心地よかった,8.6,8,8,9,9,9,2,0.2,形容詞,1,13,2033
楽しい,興味深い,6,6,8,8,5,3,2,3.6,形容詞,5080,1910,2043
楽しみな,待ちきれない,8,8,8,10,7,7,2,1.2,形容詞,2044,2395,2044
楽しみな,早くしてほしい,6.8,6,9,10,6,3,2,6.2,形容詞,2044,20154,2045
楽にした,緩くした,8,7,9,9,8,7,2,0.8,形容詞,1646954,631,2046
危ない,荒い,5.8,5,9,9,1,5,2,9,形容詞,1977,1170,2052
喜ばしい,素晴らしい,6.8,6,9,10,3,6,2,6.2,形容詞,170,4680,2053
喜ばしい,明るい,6.6,5,9,10,2,7,2,8.2,形容詞,170,10322,2054
喜ばしい,ほしかった,5.8,6,9,6,5,3,2,3.8,形容詞,170,258,2055
嬉しい,明るい,7,5,9,10,3,8,2,6.8,形容詞,1204,10322,2056
気まずい,良くない,6.6,6,9,9,7,2,2,6.6,形容詞,238,23972,2057
気まずく,よそよそしく,7,6,8,8,5,8,2,1.6,形容詞,84,35,2058
気まずくない,気詰まりしない,6.6,8,0,10,8,7,2,11.8,形容詞,84,59869,2059
気持ちがいい,気持ちいい,9.2,9,8,10,9,10,2,0.6,形容詞,54354,353,2060
気持ちよかった,気分よかった,8.6,7,9,9,9,9,2,0.6,形容詞,41,3542,2061
居づらい,良くない,6.2,6,8,8,6,3,2,3.4,形容詞,5658,23972,2069
居づらそう,バツの悪そう,7.8,6,9,9,7,8,2,1.4,形容詞,5658,3628,2070
居心地がわるい,気不味い,8,6,9,9,8,8,2,1.2,形容詞,486,305,2071
居心地がわるい,苦しい,6,5,9,7,6,3,2,4,形容詞,486,2301,2072
居辛そう,居心地の悪そう,9.2,8,9,10,9,10,2,0.6,形容詞,690,3628,2073
虚しく,あっけなく,6.6,6,8,10,0,9,2,12.6,形容詞,244,676,2074
恐ろしい,激しい,5.4,6,9,8,1,3,2,9,形容詞,2888,20669,2075
恐ろしい,すごい,5.8,6,9,7,4,3,2,4.6,形容詞,2888,3881,2076
恐ろしくする,厳しくする,6.6,6,9,7,3,8,2,4.2,形容詞,390,9648,2077
苦々しい,悔しい,6.6,6,8,10,1,8,2,9.4,形容詞,58,529,2079
苦々しい,腹立たしい,6.2,6,8,8,2,7,2,5,形容詞,58,59,2080
苦々しい,憎たらしい,5.8,6,9,7,4,3,2,4.6,形容詞,58,31,2081
空々しく,むなしく,5.6,9,9,0,0,10,2,21,形容詞,1,383,2082
軽い,少ない,6.8,6,9,9,7,3,2,5,形容詞,6382,42450,2085
隙間なく,数多く,6.2,5,8,9,6,3,2,4.6,形容詞,100862,12468,2086
肩身の狭い,堅苦しい,4.6,5,7,4,3,4,2,1.8,形容詞,10045,230,2094
賢い,より良い,6,6,9,9,2,4,2,7.6,形容詞,1148,39498,2097
険しい,激しい,7,6,9,10,7,3,2,6,形容詞,1325,20669,2098
険しかった,厳しかった,8,5,10,9,7,9,2,3.2,形容詞,15,538,2099
険しかった,鋭かった,6,6,9,6,5,4,2,2.8,形容詞,15,22,2100
険しくする,恐ろしくする,5.8,6,9,7,4,3,2,4.6,形容詞,255,390,2101
険しくする,怖くする,5.6,6,9,6,4,3,2,4.2,形容詞,255,1144,2102
厳しく,怖く,7.2,6,9,9,5,7,2,2.6,形容詞,9648,1144,2103
固く,強く,7,6,8,10,8,3,2,5.6,形容詞,1562,45782,2105
好ましい,願わしい,8.6,8,9,9,8,9,2,0.2,形容詞,1185,0,2108
好ましい,嬉しい,6.8,7,8,8,7,4,2,2.2,形容詞,1185,1204,2109
好ましい,明るい,4.8,5,8,5,3,3,2,3.4,形容詞,1185,10322,2110
慌ただしく,激しく,5.4,4,7,8,6,2,2,4.6,形容詞,71,13794,2112
甲高く,けたたましく,8.2,7,9,10,8,7,2,1.4,形容詞,78,21,2113
荒っぽい,丁寧ではない,8.2,7,8,10,8,8,2,1,形容詞,475,286367,2114
荒れる,激しくなる,7.4,6,9,9,7,6,2,1.8,形容詞,365,13794,2116
香ばしい,焼けた様な良い,7.2,7,9,10,7,3,2,5.8,形容詞,104,1779,2117
香ばしい,よい香り,8.4,8,8,9,8,9,2,0.2,形容詞,104,26892,2118
香ばしい,美味しい,6,5,8,7,7,3,2,3.2,形容詞,104,1920,2119
香ばしい,いい,6,6,8,6,6,4,2,1.6,形容詞,104,54354,2120
香ばしくて,香り高くて,8.4,8,8,8,9,9,2,0.2,形容詞,32,49802,2121
困る,居辛い,6.2,6,8,8,6,3,2,3.4,形容詞,1428,2740,2126
細い,弱い,6.8,6,9,8,8,3,2,4.6,形容詞,5217,14370,2134
細い,小さい,6.2,6,9,6,7,3,2,3.8,形容詞,5217,21977,2135
細かい,小さい,7.2,7,8,8,8,5,2,1.4,形容詞,6035,21977,2136
細かい,細い,7,7,9,7,7,5,2,1.6,形容詞,6035,5217,2137
細かい,難しい,5.6,4,8,8,6,2,2,5.4,形容詞,6035,15932,2138
寂しい,悲しい,6,6,5,8,5,6,2,1.2,形容詞,1040,2704,2158
弱く,千切れやすく,5.6,6,2,6,7,7,2,3.4,形容詞,6340,4054,2159
弱く,崩れやすく,6,6,4,7,7,6,2,1.2,形容詞,6340,3854,2160
弱く,壊れやすく,6.6,6,5,7,7,8,2,1,形容詞,6340,4793,2161
弱弱しい,情けない,4.8,6,4,3,5,6,2,1.4,形容詞,13,581,2162
弱体化した,おかしくなった,3,6,2,2,4,1,2,3.2,形容詞,1646954,1750,2163
暑苦しく,煩わしく,4.6,6,4,2,7,4,2,3,形容詞,34,69,2183
小さな,狭い,5.6,6,5,4,7,6,2,1,形容詞,-1,10045,2189
小高く,少し高く,8.6,9,10,8,9,7,2,1,形容詞,40,49802,2190
心苦しい,悲しい,4.6,5,6,2,4,6,2,2.2,形容詞,27,2704,2215
心苦しい,難しい,2.8,3,0,3,3,5,2,2.6,形容詞,27,15932,2216
心地いい,心地良い,9.8,10,10,10,9,10,2,0.2,形容詞,54354,39498,2217
深く,強く,4,6,0,3,7,4,2,6,形容詞,17981,45782,2218
神々しい,すばらしい,6.6,7,5,7,6,8,2,1,形容詞,124,1681,2221
神々しい,華々しい,5.4,6,5,4,6,6,2,0.6,形容詞,124,613,2222
神々しい,素晴らしい,6.6,7,5,7,6,8,2,1,形容詞,124,4680,2223
辛かった,厳しかった,6.8,7,6,7,7,7,2,0.2,形容詞,222,538,2224
辛く,寂しく,4.6,5,6,3,3,6,2,1.8,形容詞,873,501,2225
凄い,激しい,7,6,7,8,6,8,2,0.8,形容詞,1331,20669,2227
凄まじい,強い,6,6,5,7,6,6,2,0.4,形容詞,2118,69211,2228
凄まじかった,早かった,3.2,4,0,4,5,3,2,3,形容詞,37,1023,2229
清い,美しい,5.6,6,6,4,6,6,2,0.6,形容詞,145,18231,2234
清い,澄み切って美しい,7.8,8,7,8,7,9,2,0.6,形容詞,145,47,2235
素晴らしい,嬉しい,4.8,5,4,4,4,7,2,1.4,形容詞,4680,1204,2241
早くしてほしい,我慢できない,4.6,7,4,3,2,7,2,4.2,形容詞,20154,0,2247
早く来てほしい,辛抱できない,4.4,6,4,3,2,7,2,3.4,形容詞,20154,0,2248
騒々しい,甲高い,5.2,6,4,3,6,7,2,2.2,形容詞,195,426,2250
騒々しい,凄い,2.6,5,2,3,3,0,2,2.6,形容詞,195,1331,2251
息苦しい,狭苦しい,5.2,6,6,3,5,6,2,1.4,形容詞,58,23,2252
息苦しい,堅苦しい,5.8,6,6,3,6,8,2,2.6,形容詞,58,230,2253
待ちきれない,早く見たい,6.4,6,4,7,7,8,2,1.8,形容詞,2395,20154,2257
待ちきれない,早く来て欲しい,6.2,6,4,7,6,8,2,1.8,形容詞,2395,20154,2258
待ちこがれる,早く見たい,4.8,6,4,4,6,4,2,1,形容詞,4,20154,2260
待ち望む,早く見たい,5,6,4,3,6,6,2,1.6,形容詞,94,20154,2261
待ち望む,早く来て欲しい,6.2,6,4,7,6,8,2,1.8,形容詞,94,20154,2262
嘆かわしい,情けない,7.2,7,6,8,7,8,2,0.6,形容詞,61,581,2263
調和する,美しく見える,5,6,0,7,4,8,2,8,形容詞,223,4439,2273
痛ましい,悲しい,4.8,6,2,3,5,8,2,4.6,形容詞,145,2704,2274
痛ましい,苦しい,5.2,5,6,4,5,6,2,0.6,形容詞,145,2301,2275
低く,礼儀正しく,2.6,4,0,3,3,3,2,1.8,形容詞,15605,4657,2277
難しい,複雑である,6.4,6,6,8,6,6,2,0.6,形容詞,15932,-1,2297
難しそうな,厳しい,5.4,6,5,7,5,4,2,1,形容詞,1144,16160,2298
薄い,弱い,4.8,6,2,3,6,7,2,3.8,形容詞,8947,14370,2324
煩わしく,面倒くさく,7.6,7,6,10,6,9,2,2.6,形容詞,69,40,2328
微妙に高い,高い,5.2,6,3,6,5,6,2,1.4,形容詞,121227,121227,2333
美味しく,香ばしく,5.6,6,3,7,5,7,2,2.2,形容詞,496,32,2334
美味しそうな,いい,4.2,6,0,4,5,6,2,5,形容詞,353,54354,2335
怖くする,厳しくする,3.8,7,0,6,0,6,2,9.8,形容詞,1144,9648,2356
物凄い,騒々しい,5.4,6,6,4,2,9,2,5.4,形容詞,300,195,2360
物凄い,すばらしい,5.8,6,6,5,5,7,2,0.6,形容詞,300,1681,2361
物凄い,素晴らしい,5.8,6,6,5,5,7,2,0.6,形容詞,300,4680,2362
物凄かった,早かった,3,3,2,3,3,4,2,0.4,形容詞,1,1023,2363
物悲しい,苦しい,3.6,5,5,3,2,3,2,1.4,形容詞,49,2301,2364
物悲しく,苦しく,3.6,5,5,3,2,3,2,1.4,形容詞,16,827,2365
芳しい,望ましい,3,6,0,2,1,6,2,6.4,形容詞,326,4195,2378
芳しい,願わしい,3.4,6,0,4,0,7,2,8.6,形容詞,326,0,2379
芳しい,喜ばしい,4.4,7,2,6,1,6,2,5.8,形容詞,326,170,2380
芳しく,香り高く,7.2,8,8,9,6,5,2,2.2,形容詞,1819,49802,2381
芳しく,香り良く,7.4,8,8,9,7,5,2,1.8,形容詞,1819,23972,2382
乏しい,細かい,2.6,5,6,2,0,0,2,6.2,形容詞,3995,6035,2383
無い,少ない,5.4,6,5,6,6,4,2,0.6,形容詞,56147,42450,2388
面倒くさい,難しい,5,5,7,3,4,6,2,2,形容詞,203,15932,2396
良くない,難しい,3.2,5,3,3,3,2,2,1,形容詞,23972,15932,2413
力強い,激しい,4,6,4,2,5,3,2,2,形容詞,1700,20669,2414
恋しく,早く来てほしく,4.6,6,4,2,5,6,2,2.2,形容詞,498,20154,2415
儚く,あっけなく,7.8,6,7,9,8,9,2,1.4,形容詞,149,676,2421